{"chunk_definitions":[{"row":31,"row_count":1,"visible":true,"expansion_state":0,"options":{"engine":"r","label":"unnamed-chunk-3","dev":"png"},"document_id":"C742674A","chunk_id":"ceqq5kzflnkor","chunk_label":"unnamed-chunk-1"},{"row":41,"row_count":1,"visible":true,"expansion_state":0,"options":{},"document_id":"C742674A","chunk_id":"cmyddb2hygo35","chunk_label":"unnamed-chunk-2"},{"row":71,"row_count":1,"visible":true,"expansion_state":0,"options":{"engine":"r","label":"unnamed-chunk-5","dev":"png"},"document_id":"C742674A","chunk_id":"clnf3ogzfnh8w","chunk_label":"unnamed-chunk-3"}],"doc_write_time":1717785190}